Unique_Id,Alt_Id,Trail_Name,Source,Distance,Elevation_Gain,Highest_Point,Difficulty,Est_Hike_Duration,Trail_Type,Permits,Rating,Review_Count,Area,State,Country,Latitude,Longitude,Url,Cover_Photo,Parsed_Date
bd3e89229d1c,10004295,"Southern Loop via Western Ridge Trail, Rock Creek, Valley Trail",AllTrails,5.6,685,344,3,139,Loop,,4.6,2998,Rock Creek Park and Piney Branch Parkway,District of Columbia,United States,38.95983,-77.05228,https://www.alltrails.com/trail/us/washington-dc/western-ridge-trail-rock-creek-valley-trail,https://images.alltrails.com/eyJidWNrZXQiOiJhc3NldHMuYWxsdHJhaWxzLmNvbSIsImtleSI6InVwbG9hZHMvcGhvdG8vaW1hZ2UvNDY3NTI3NjEvYjNhMTI5N2ZhYTExZGQ5NTZhYzBiYjEyYmViYzBmOWQuanBnIiwiZWRpdHMiOnsidG9Gb3JtYXQiOiJ3ZWJwIiwicmVzaXplIjp7IndpZHRoIjoxMDgwLCJoZWlnaHQiOjcwMCwiZml0IjoiY292ZXIifSwicm90YXRlIjpudWxsLCJqcGVnIjp7InRyZWxsaXNRdWFudGlzYXRpb24iOnRydWUsIm92ZXJzaG9vdERlcmluZ2luZyI6dHJ1ZSwib3B0aW1pc2VTY2FucyI6dHJ1ZSwicXVhbnRpc2F0aW9uVGFibGUiOjN9fX0=,2025-06-18
63cb6e1d4ea4,10258619,Boulder Bridge Loop,AllTrails,3.0,337,344,1,73,Loop,,4.7,2927,Rock Creek Park and Piney Branch Parkway,District of Columbia,United States,38.95983,-77.05208,https://www.alltrails.com/trail/us/washington-dc/boulder-bridge-loop,https://images.alltrails.com/eyJidWNrZXQiOiJhc3NldHMuYWxsdHJhaWxzLmNvbSIsImtleSI6InVwbG9hZHMvcGhvdG8vaW1hZ2UvNzM2MDE0OTEvOTFjM2E4OTVlY2JlOWM3NDFiMzliYjExYWY0OTg5MGEuanBnIiwiZWRpdHMiOnsidG9Gb3JtYXQiOiJ3ZWJwIiwicmVzaXplIjp7IndpZHRoIjoxMDgwLCJoZWlnaHQiOjcwMCwiZml0IjoiY292ZXIifSwicm90YXRlIjpudWxsLCJqcGVnIjp7InRyZWxsaXNRdWFudGlzYXRpb24iOnRydWUsIm92ZXJzaG9vdERlcmluZ2luZyI6dHJ1ZSwib3B0aW1pc2VTY2FucyI6dHJ1ZSwicXVhbnRpc2F0aW9uVGFibGUiOjN9fX0=,2025-06-18
2dd9119011f3,10732335,Rock Creek Valley Trail Loop,AllTrails,4.4,435,203,3,103,Loop,,4.6,1701,Rock Creek Park and Piney Branch Parkway,District of Columbia,United States,38.93987,-77.05253,https://www.alltrails.com/trail/us/washington-dc/rock-creek-valley-trail-loop,https://images.alltrails.com/eyJidWNrZXQiOiJhc3NldHMuYWxsdHJhaWxzLmNvbSIsImtleSI6InVwbG9hZHMvcGhvdG8vaW1hZ2UvNTkyNDk4ODQvMzk4OWE4NDAwNDY3YThkNzhmYzFiMWU0OWFiZTE0ZjAuanBnIiwiZWRpdHMiOnsidG9Gb3JtYXQiOiJ3ZWJwIiwicmVzaXplIjp7IndpZHRoIjoxMDgwLCJoZWlnaHQiOjcwMCwiZml0IjoiY292ZXIifSwicm90YXRlIjpudWxsLCJqcGVnIjp7InRyZWxsaXNRdWFudGlzYXRpb24iOnRydWUsIm92ZXJzaG9vdERlcmluZ2luZyI6dHJ1ZSwib3B0aW1pc2VTY2FucyI6dHJ1ZSwicXVhbnRpc2F0aW9uVGFibGUiOjN9fX0=,2025-06-18
5c6a11034471,10258617,Rapids Bridge via White Horse and Black Horse Trail,AllTrails,2.2,249,344,1,53,Loop,,4.7,1328,Rock Creek Park and Piney Branch Parkway,District of Columbia,United States,38.95977,-77.05196,https://www.alltrails.com/trail/us/maryland/rapids-bridge-and-capitol-ruins,https://images.alltrails.com/eyJidWNrZXQiOiJhc3NldHMuYWxsdHJhaWxzLmNvbSIsImtleSI6InVwbG9hZHMvcGhvdG8vaW1hZ2UvNTkyNDk4ODUvMDg2M2FmMzdhZWQ1MTMzNzk1OTcxNThkYzgyZTI0YTguanBnIiwiZWRpdHMiOnsidG9Gb3JtYXQiOiJ3ZWJwIiwicmVzaXplIjp7IndpZHRoIjoxMDgwLCJoZWlnaHQiOjcwMCwiZml0IjoiY292ZXIifSwicm90YXRlIjpudWxsLCJqcGVnIjp7InRyZWxsaXNRdWFudGlzYXRpb24iOnRydWUsIm92ZXJzaG9vdERlcmluZ2luZyI6dHJ1ZSwib3B0aW1pc2VTY2FucyI6dHJ1ZSwicXVhbnRpc2F0aW9uVGFibGUiOjN9fX0=,2025-06-18
64887a149833,10582085,Rock Creek Park Valley and Ridge Loop,AllTrails,10.0,1056,344,3,238,Loop,,4.7,956,Rock Creek Park and Piney Branch Parkway,District of Columbia,United States,38.95989,-77.05178,https://www.alltrails.com/trail/us/washington-dc/rock-creek-loop-western-ridge-and-valley-trails,https://images.alltrails.com/eyJidWNrZXQiOiJhc3NldHMuYWxsdHJhaWxzLmNvbSIsImtleSI6InVwbG9hZHMvcGhvdG8vaW1hZ2UvNTg4NDQ2MjIvYmM1MjBjODMxMWJiOTE4YTA0MTlkNzJiMTRhNDE4NjQuanBnIiwiZWRpdHMiOnsidG9Gb3JtYXQiOiJ3ZWJwIiwicmVzaXplIjp7IndpZHRoIjoxMDgwLCJoZWlnaHQiOjcwMCwiZml0IjoiY292ZXIifSwicm90YXRlIjpudWxsLCJqcGVnIjp7InRyZWxsaXNRdWFudGlzYXRpb24iOnRydWUsIm92ZXJzaG9vdERlcmluZ2luZyI6dHJ1ZSwib3B0aW1pc2VTY2FucyI6dHJ1ZSwicXVhbnRpc2F0aW9uVGFibGUiOjN9fX0=,2025-06-18
6d9d3fe39f5a,10258610,Tidal Basin and Hains Point,AllTrails,5.0,19,13,1,86,Loop,,4.5,1061,West Potomac Park,District of Columbia,United States,38.88418,-77.04432,https://www.alltrails.com/trail/us/washington-dc/tidal-basin-and-hains-point,https://images.alltrails.com/eyJidWNrZXQiOiJhc3NldHMuYWxsdHJhaWxzLmNvbSIsImtleSI6InVwbG9hZHMvcGhvdG8vaW1hZ2UvNzEyNzg1NzkvNTMwNzU2NGZhOGNiZjY5ZDU1ODhmNzQ4NjMyMGFkOGUuanBnIiwiZWRpdHMiOnsidG9Gb3JtYXQiOiJ3ZWJwIiwicmVzaXplIjp7IndpZHRoIjoxMDgwLCJoZWlnaHQiOjcwMCwiZml0IjoiY292ZXIifSwicm90YXRlIjpudWxsLCJqcGVnIjp7InRyZWxsaXNRdWFudGlzYXRpb24iOnRydWUsIm92ZXJzaG9vdERlcmluZ2luZyI6dHJ1ZSwib3B0aW1pc2VTY2FucyI6dHJ1ZSwicXVhbnRpc2F0aW9uVGFibGUiOjN9fX0=,2025-06-18
712973f40a51,10332244,Western Ridge Trail to Valley Trail and Fort de Russy,AllTrails,4.3,492,344,3,105,Loop,,4.7,865,Rock Creek Park and Piney Branch Parkway,District of Columbia,United States,38.95923,-77.05216,https://www.alltrails.com/trail/us/washington-dc/western-ridge-trail-to-valley-trail-and-fort-de-russy,https://images.alltrails.com/eyJidWNrZXQiOiJhc3NldHMuYWxsdHJhaWxzLmNvbSIsImtleSI6InVwbG9hZHMvcGhvdG8vaW1hZ2UvNTM2MTQ1MjcvNmU2ZDM4NTRjZGViZjBkODRlMGJjN2Q2MzVjZDI0M2IuanBnIiwiZWRpdHMiOnsidG9Gb3JtYXQiOiJ3ZWJwIiwicmVzaXplIjp7IndpZHRoIjoxMDgwLCJoZWlnaHQiOjcwMCwiZml0IjoiY292ZXIifSwicm90YXRlIjpudWxsLCJqcGVnIjp7InRyZWxsaXNRdWFudGlzYXRpb24iOnRydWUsIm92ZXJzaG9vdERlcmluZ2luZyI6dHJ1ZSwib3B0aW1pc2VTY2FucyI6dHJ1ZSwicXVhbnRpc2F0aW9uVGFibGUiOjN9fX0=,2025-06-18
4b0d336c8476,10009668,Rock Creek Trail,AllTrails,9.4,218,75,1,173,Out & Back,,4.5,634,Rock Creek & Potomac Parkway Park,District of Columbia,United States,38.90094,-77.05808,https://www.alltrails.com/trail/us/washington-dc/rock-creek-park-bike-trail,https://images.alltrails.com/eyJidWNrZXQiOiJhc3NldHMuYWxsdHJhaWxzLmNvbSIsImtleSI6InVwbG9hZHMvcGhvdG8vaW1hZ2UvNDIyMDk4MDIvNTA1OWZjMjllMDE1NDg3NzBjNGEwMTZlOWZkZjhkNzMuanBnIiwiZWRpdHMiOnsidG9Gb3JtYXQiOiJ3ZWJwIiwicmVzaXplIjp7IndpZHRoIjoxMDgwLCJoZWlnaHQiOjcwMCwiZml0IjoiY292ZXIifSwicm90YXRlIjpudWxsLCJqcGVnIjp7InRyZWxsaXNRdWFudGlzYXRpb24iOnRydWUsIm92ZXJzaG9vdERlcmluZ2luZyI6dHJ1ZSwib3B0aW1pc2VTY2FucyI6dHJ1ZSwicXVhbnRpc2F0aW9uVGFibGUiOjN9fX0=,2025-06-18
bfc725d6c501,10341217,"Valley Trail, Holly Trail, Pine Trail, Muddy Trail",AllTrails,4.0,252,308,3,84,Loop,,4.6,1047,Rock Creek Park and Piney Branch Parkway,District of Columbia,United States,38.9866,-77.05304,https://www.alltrails.com/trail/us/washington-dc/valley-trail-holly-trail-pine-trail-muddy-trail,https://images.alltrails.com/eyJidWNrZXQiOiJhc3NldHMuYWxsdHJhaWxzLmNvbSIsImtleSI6InVwbG9hZHMvcGhvdG8vaW1hZ2UvNzg0MDk4MTcvNDUxMzIyMDM1YjM3Y2FhYzY4YTE1MDAzOTUwODlmMmMuanBnIiwiZWRpdHMiOnsidG9Gb3JtYXQiOiJ3ZWJwIiwicmVzaXplIjp7IndpZHRoIjoxMDgwLCJoZWlnaHQiOjcwMCwiZml0IjoiY292ZXIifSwicm90YXRlIjpudWxsLCJqcGVnIjp7InRyZWxsaXNRdWFudGlzYXRpb24iOnRydWUsIm92ZXJzaG9vdERlcmluZ2luZyI6dHJ1ZSwib3B0aW1pc2VTY2FucyI6dHJ1ZSwicXVhbnRpc2F0aW9uVGFibGUiOjN9fX0=,2025-06-18
ebbe4ea5ab11,10360923,"Valley, Holly, and Pine Trail Loop",AllTrails,2.2,218,311,1,51,Loop,,4.7,419,Rock Creek Park and Piney Branch Parkway,District of Columbia,United States,38.98336,-77.03979,https://www.alltrails.com/trail/us/washington-dc/valley-holly-and-pine-trail-loop,https://images.alltrails.com/eyJidWNrZXQiOiJhc3NldHMuYWxsdHJhaWxzLmNvbSIsImtleSI6InVwbG9hZHMvcGhvdG8vaW1hZ2UvNzczOTIwNDAvNjI3Yjg2MmE5NGY3Nzg1OTcyNmZkZTJhN2YxMzIxNTcuanBnIiwiZWRpdHMiOnsidG9Gb3JtYXQiOiJ3ZWJwIiwicmVzaXplIjp7IndpZHRoIjoxMDgwLCJoZWlnaHQiOjcwMCwiZml0IjoiY292ZXIifSwicm90YXRlIjpudWxsLCJqcGVnIjp7InRyZWxsaXNRdWFudGlzYXRpb24iOnRydWUsIm92ZXJzaG9vdERlcmluZ2luZyI6dHJ1ZSwib3B0aW1pc2VTY2FucyI6dHJ1ZSwicXVhbnRpc2F0aW9uVGFibGUiOjN9fX0=,2025-06-18
9f152985c381,10009497,Western Ridge Trail,AllTrails,9.4,1140,337,3,232,Out & Back,,4.6,427,Rock Creek Park and Piney Branch Parkway,District of Columbia,United States,38.98638,-77.05322,https://www.alltrails.com/trail/us/washington-dc/western-ridge-trail,https://images.alltrails.com/eyJidWNrZXQiOiJhc3NldHMuYWxsdHJhaWxzLmNvbSIsImtleSI6InVwbG9hZHMvcGhvdG8vaW1hZ2UvNjE5NjYxMDIvM2E0ZmQ1MGYzMjY2Y2NjMTk1NjdjZDMyZmYxNzAyYTQuanBnIiwiZWRpdHMiOnsidG9Gb3JtYXQiOiJ3ZWJwIiwicmVzaXplIjp7IndpZHRoIjoxMDgwLCJoZWlnaHQiOjcwMCwiZml0IjoiY292ZXIifSwicm90YXRlIjpudWxsLCJqcGVnIjp7InRyZWxsaXNRdWFudGlzYXRpb24iOnRydWUsIm92ZXJzaG9vdERlcmluZ2luZyI6dHJ1ZSwib3B0aW1pc2VTY2FucyI6dHJ1ZSwicXVhbnRpc2F0aW9uVGFibGUiOjN9fX0=,2025-06-18
3216daf34468,10013490,Glover-Archbold Trail,AllTrails,5.7,432,360,3,124,Out & Back,,4.4,533,Glover Parkway and Children's Playground Park,District of Columbia,United States,38.94317,-77.07832,https://www.alltrails.com/trail/us/washington-dc/glover-archbold-park,https://images.alltrails.com/eyJidWNrZXQiOiJhc3NldHMuYWxsdHJhaWxzLmNvbSIsImtleSI6InVwbG9hZHMvcGhvdG8vaW1hZ2UvMzM0NDc3MzMvZWFjNDdjMDc0Nzg0NzU1NGQyZTM5YmI0ZDVlN2VkODQuanBnIiwiZWRpdHMiOnsidG9Gb3JtYXQiOiJ3ZWJwIiwicmVzaXplIjp7IndpZHRoIjoxMDgwLCJoZWlnaHQiOjcwMCwiZml0IjoiY292ZXIifSwicm90YXRlIjpudWxsLCJqcGVnIjp7InRyZWxsaXNRdWFudGlzYXRpb24iOnRydWUsIm92ZXJzaG9vdERlcmluZ2luZyI6dHJ1ZSwib3B0aW1pc2VTY2FucyI6dHJ1ZSwicXVhbnRpc2F0aW9uVGFibGUiOjN9fX0=,2025-06-18
2b9b08798dc6,10341223,"Valley, Pine, Holly, Dim, and Western Ridge Trail Loop",AllTrails,2.4,236,308,1,56,Loop,,4.6,366,Rock Creek Park and Piney Branch Parkway,District of Columbia,United States,38.98019,-77.03632,https://www.alltrails.com/trail/us/washington-dc/valley-trail-pine-trail-holly-trail-dim-trail-western-ridge-trail-loop,https://images.alltrails.com/eyJidWNrZXQiOiJhc3NldHMuYWxsdHJhaWxzLmNvbSIsImtleSI6InVwbG9hZHMvcGhvdG8vaW1hZ2UvMzE3Nzg2MDQvODMyNjhjZmFkMjE5MTg1ZTc0OTMwMDczMDgyM2E2NTYuanBnIiwiZWRpdHMiOnsidG9Gb3JtYXQiOiJ3ZWJwIiwicmVzaXplIjp7IndpZHRoIjoxMDgwLCJoZWlnaHQiOjcwMCwiZml0IjoiY292ZXIifSwicm90YXRlIjpudWxsLCJqcGVnIjp7InRyZWxsaXNRdWFudGlzYXRpb24iOnRydWUsIm92ZXJzaG9vdERlcmluZ2luZyI6dHJ1ZSwib3B0aW1pc2VTY2FucyI6dHJ1ZSwicXVhbnRpc2F0aW9uVGFibGUiOjN9fX0=,2025-06-18
250530b6fc36,10388717,Rock Creek and Piney Branch Trail,AllTrails,4.0,291,150,1,86,Out & Back,,4.3,226,,District of Columbia,United States,38.92783,-77.04404,https://www.alltrails.com/trail/us/washington-dc/rock-creek-and-piney-branch-trail,https://images.alltrails.com/eyJidWNrZXQiOiJhc3NldHMuYWxsdHJhaWxzLmNvbSIsImtleSI6InVwbG9hZHMvcGhvdG8vaW1hZ2UvNjc0NTQzMjQvYjgyMWYwMDgwZGVhZmZhNmY0ZmZlMzhkMTQzN2FjOGYuanBnIiwiZWRpdHMiOnsidG9Gb3JtYXQiOiJ3ZWJwIiwicmVzaXplIjp7IndpZHRoIjoxMDgwLCJoZWlnaHQiOjcwMCwiZml0IjoiY292ZXIifSwicm90YXRlIjpudWxsLCJqcGVnIjp7InRyZWxsaXNRdWFudGlzYXRpb24iOnRydWUsIm92ZXJzaG9vdERlcmluZ2luZyI6dHJ1ZSwib3B0aW1pc2VTY2FucyI6dHJ1ZSwicXVhbnRpc2F0aW9uVGFibGUiOjN9fX0=,2025-06-18
04bb29dfe88b,10569604,Eastern Ridge via Valley Trail and Piney Branch Trail,AllTrails,3.9,639,252,1,107,Out & Back,,4.4,218,Rock Creek Park and Piney Branch Parkway,District of Columbia,United States,38.95004,-77.04054,https://www.alltrails.com/trail/us/washington-dc/eastern-ridge-via-valley-trail-and-piney-branch-trail,https://images.alltrails.com/eyJidWNrZXQiOiJhc3NldHMuYWxsdHJhaWxzLmNvbSIsImtleSI6InVwbG9hZHMvcGhvdG8vaW1hZ2UvNjE2MDk0MzIvMWQwMGVmYWU0ZDliMmY0M2M3MGMyNTAxM2YyMWQ2NzQuanBnIiwiZWRpdHMiOnsidG9Gb3JtYXQiOiJ3ZWJwIiwicmVzaXplIjp7IndpZHRoIjoxMDgwLCJoZWlnaHQiOjcwMCwiZml0IjoiY292ZXIifSwicm90YXRlIjpudWxsLCJqcGVnIjp7InRyZWxsaXNRdWFudGlzYXRpb24iOnRydWUsIm92ZXJzaG9vdERlcmluZ2luZyI6dHJ1ZSwib3B0aW1pc2VTY2FucyI6dHJ1ZSwicXVhbnRpc2F0aW9uVGFibGUiOjN9fX0=,2025-06-18
5ffd9f501005,10875776,Anacostia Riverwalk Trail Section C to E,AllTrails,3.3,16,9,1,57,Out & Back,,4.7,263,,District of Columbia,United States,38.8673,-76.99502,https://www.alltrails.com/trail/us/washington-dc/anacostia-riverwalk-trail-section-c-to-e,https://images.alltrails.com/eyJidWNrZXQiOiJhc3NldHMuYWxsdHJhaWxzLmNvbSIsImtleSI6InVwbG9hZHMvcGhvdG8vaW1hZ2UvNjM2MjcyNDgvOGY5ZDQ2NjBiNDk0OWQzNmY4NTEwZmIyNjMzOTI0YTYuanBnIiwiZWRpdHMiOnsidG9Gb3JtYXQiOiJ3ZWJwIiwicmVzaXplIjp7IndpZHRoIjoxMDgwLCJoZWlnaHQiOjcwMCwiZml0IjoiY292ZXIifSwicm90YXRlIjpudWxsLCJqcGVnIjp7InRyZWxsaXNRdWFudGlzYXRpb24iOnRydWUsIm92ZXJzaG9vdERlcmluZ2luZyI6dHJ1ZSwib3B0aW1pc2VTY2FucyI6dHJ1ZSwicXVhbnRpc2F0aW9uVGFibGUiOjN9fX0=,2025-06-18
f4b88b8d2746,10657979,"Palisades,  Glover Archbold, and Woodley Loop",AllTrails,10.2,941,318,3,233,Loop,,4.3,161,,District of Columbia,United States,38.91963,-77.09988,https://www.alltrails.com/trail/us/washington-dc/palisades-glover-archbold-and-woodley-loop,https://images.alltrails.com/eyJidWNrZXQiOiJhc3NldHMuYWxsdHJhaWxzLmNvbSIsImtleSI6InVwbG9hZHMvcGhvdG8vaW1hZ2UvMjU2MTE3NzQvNTQzOTM1YWE3NjVkMTZmYjgzNTBmNTg5N2UxODY2NDcuanBnIiwiZWRpdHMiOnsidG9Gb3JtYXQiOiJ3ZWJwIiwicmVzaXplIjp7IndpZHRoIjoxMDgwLCJoZWlnaHQiOjcwMCwiZml0IjoiY292ZXIifSwicm90YXRlIjpudWxsLCJqcGVnIjp7InRyZWxsaXNRdWFudGlzYXRpb24iOnRydWUsIm92ZXJzaG9vdERlcmluZ2luZyI6dHJ1ZSwib3B0aW1pc2VTY2FucyI6dHJ1ZSwicXVhbnRpc2F0aW9uVGFibGUiOjN9fX0=,2025-06-18
53d76eb5d6f8,10589045,"Soapstone Trail, Rock Creek Trail and Mount Pleasant",AllTrails,1.8,6,229,1,37,Point-to-Point,,4.5,185,,District of Columbia,United States,38.94789,-77.06407,https://www.alltrails.com/trail/us/washington-dc/soapstone-trail-rock-creek-trail-and-mount-pleasant,https://images.alltrails.com/eyJidWNrZXQiOiJhc3NldHMuYWxsdHJhaWxzLmNvbSIsImtleSI6InVwbG9hZHMvcGhvdG8vaW1hZ2UvNDYxNzQ4NjEvYTc2NWVkNjNmNmMwMDhmZmIwNzM4NWUxZTYyYzMzYmYuanBnIiwiZWRpdHMiOnsidG9Gb3JtYXQiOiJ3ZWJwIiwicmVzaXplIjp7IndpZHRoIjoxMDgwLCJoZWlnaHQiOjcwMCwiZml0IjoiY292ZXIifSwicm90YXRlIjpudWxsLCJqcGVnIjp7InRyZWxsaXNRdWFudGlzYXRpb24iOnRydWUsIm92ZXJzaG9vdERlcmluZ2luZyI6dHJ1ZSwib3B0aW1pc2VTY2FucyI6dHJ1ZSwicXVhbnRpc2F0aW9uVGFibGUiOjN9fX0=,2025-06-18
6933a632693f,10979811,Dumbarton Oaks Loop,AllTrails,1.4,200,229,1,37,Loop,,4.5,203,Dumbarton Oaks Park,District of Columbia,United States,38.91779,-77.06739,https://www.alltrails.com/trail/us/washington-dc/dumbarton-oakls-loop,https://images.alltrails.com/eyJidWNrZXQiOiJhc3NldHMuYWxsdHJhaWxzLmNvbSIsImtleSI6InVwbG9hZHMvcGhvdG8vaW1hZ2UvNDk3NjEyODYvMGYxM2JiN2ZjMTU2OWRhOTYzNzA0NThjY2U5NThjZGMuanBnIiwiZWRpdHMiOnsidG9Gb3JtYXQiOiJ3ZWJwIiwicmVzaXplIjp7IndpZHRoIjoxMDgwLCJoZWlnaHQiOjcwMCwiZml0IjoiY292ZXIifSwicm90YXRlIjpudWxsLCJqcGVnIjp7InRyZWxsaXNRdWFudGlzYXRpb24iOnRydWUsIm92ZXJzaG9vdERlcmluZ2luZyI6dHJ1ZSwib3B0aW1pc2VTY2FucyI6dHJ1ZSwicXVhbnRpc2F0aW9uVGFibGUiOjN9fX0=,2025-06-18
adb6e64581fd,10255895,Kingman and Heritage Islands,AllTrails,2.3,32,22,1,41,Out & Back,,4.2,186,Kingman and Heritage Islands,District of Columbia,United States,38.89623,-76.96836,https://www.alltrails.com/trail/us/washington-dc/kingman-and-heritage-islands,https://images.alltrails.com/eyJidWNrZXQiOiJhc3NldHMuYWxsdHJhaWxzLmNvbSIsImtleSI6InVwbG9hZHMvcGhvdG8vaW1hZ2UvNDkzMjc5NjMvZjA5NTk3NWRkY2FlYjQ2NTY3MDU2OTFkMTY0N2E3YWQuanBnIiwiZWRpdHMiOnsidG9Gb3JtYXQiOiJ3ZWJwIiwicmVzaXplIjp7IndpZHRoIjoxMDgwLCJoZWlnaHQiOjcwMCwiZml0IjoiY292ZXIifSwicm90YXRlIjpudWxsLCJqcGVnIjp7InRyZWxsaXNRdWFudGlzYXRpb24iOnRydWUsIm92ZXJzaG9vdERlcmluZ2luZyI6dHJ1ZSwib3B0aW1pc2VTY2FucyI6dHJ1ZSwicXVhbnRpc2F0aW9uVGFibGUiOjN9fX0=,2025-06-18
7c6b1b21f564,10913807,Dumbarton Oaks and Montrose Ropewalk,AllTrails,1.4,170,190,1,35,Out & Back,,4.4,117,Dumbarton Oaks Park,District of Columbia,United States,38.91756,-77.06739,https://www.alltrails.com/trail/us/washington-dc/dumbarton-oaks-and-montrose-ropewalk,https://images.alltrails.com/eyJidWNrZXQiOiJhc3NldHMuYWxsdHJhaWxzLmNvbSIsImtleSI6InVwbG9hZHMvcGhvdG8vaW1hZ2UvMjIzODExOTgvOTM1YWQzZmRmMjg1MDM1YmJkNTNjOWU3MDg0M2VmN2IuanBnIiwiZWRpdHMiOnsidG9Gb3JtYXQiOiJ3ZWJwIiwicmVzaXplIjp7IndpZHRoIjoxMDgwLCJoZWlnaHQiOjcwMCwiZml0IjoiY292ZXIifSwicm90YXRlIjpudWxsLCJqcGVnIjp7InRyZWxsaXNRdWFudGlzYXRpb24iOnRydWUsIm92ZXJzaG9vdERlcmluZ2luZyI6dHJ1ZSwib3B0aW1pc2VTY2FucyI6dHJ1ZSwicXVhbnRpc2F0aW9uVGFibGUiOjN9fX0=,2025-06-18
606347f3009c,10655845,"Battery Kemble, Wesley Heights, and Glover-Archibold Trails",AllTrails,6.0,626,360,3,141,Out & Back,,4.2,145,Chesapeake and Ohio Canal National Historical Park,District of Columbia,United States,38.91897,-77.10083,https://www.alltrails.com/trail/us/washington-dc/battery-kemble-wesley-heights-and-glover-archibold-trails,https://images.alltrails.com/eyJidWNrZXQiOiJhc3NldHMuYWxsdHJhaWxzLmNvbSIsImtleSI6InVwbG9hZHMvcGhvdG8vaW1hZ2UvNDA2NDk5NzcvZDU2ZTA5MjlkNTRjNDM1OTk1YzZlZWQ3OWUyN2Y1MDEuanBnIiwiZWRpdHMiOnsidG9Gb3JtYXQiOiJ3ZWJwIiwicmVzaXplIjp7IndpZHRoIjoxMDgwLCJoZWlnaHQiOjcwMCwiZml0IjoiY292ZXIifSwicm90YXRlIjpudWxsLCJqcGVnIjp7InRyZWxsaXNRdWFudGlzYXRpb24iOnRydWUsIm92ZXJzaG9vdERlcmluZ2luZyI6dHJ1ZSwib3B0aW1pc2VTY2FucyI6dHJ1ZSwicXVhbnRpc2F0aW9uVGFibGUiOjN9fX0=,2025-06-18
77235b75b5cd,10259956,C & O Canal Towpath Trail,AllTrails,48.0,498,226,3,839,Point-to-Point,,4.2,202,Chesapeake and Ohio Canal National Historical Park,District of Columbia,United States,38.90405,-77.05671,https://www.alltrails.com/trail/us/washington-dc/c-o-canal-towpath-trail,https://images.alltrails.com/eyJidWNrZXQiOiJhc3NldHMuYWxsdHJhaWxzLmNvbSIsImtleSI6InVwbG9hZHMvcGhvdG8vaW1hZ2UvNjY0ODYwODkvOTY2YjNhNTFhM2E5ZGUwMzJiYjk5ODljYjZlZTcwZmQuanBnIiwiZWRpdHMiOnsidG9Gb3JtYXQiOiJ3ZWJwIiwicmVzaXplIjp7IndpZHRoIjoxMDgwLCJoZWlnaHQiOjcwMCwiZml0IjoiY292ZXIifSwicm90YXRlIjpudWxsLCJqcGVnIjp7InRyZWxsaXNRdWFudGlzYXRpb24iOnRydWUsIm92ZXJzaG9vdERlcmluZ2luZyI6dHJ1ZSwib3B0aW1pc2VTY2FucyI6dHJ1ZSwicXVhbnRpc2F0aW9uVGFibGUiOjN9fX0=,2025-06-18
d4d4253f0caf,10594777,"Adams Morgan, Rock Creek, and Mount Pleasant Loop",AllTrails,5.2,387,206,3,113,Loop,,4.1,74,,District of Columbia,United States,38.91955,-77.04163,https://www.alltrails.com/trail/us/washington-dc/adams-morgan-rock-creek-and-mount-pleasant-loop,https://images.alltrails.com/eyJidWNrZXQiOiJhc3NldHMuYWxsdHJhaWxzLmNvbSIsImtleSI6InVwbG9hZHMvcGhvdG8vaW1hZ2UvNTM3ODExMzEvZWY4YTMzNGYwMjNjOTgwMmM0OTE2ODIyOWFiOGJhYjguanBnIiwiZWRpdHMiOnsidG9Gb3JtYXQiOiJ3ZWJwIiwicmVzaXplIjp7IndpZHRoIjoxMDgwLCJoZWlnaHQiOjcwMCwiZml0IjoiY292ZXIifSwicm90YXRlIjpudWxsLCJqcGVnIjp7InRyZWxsaXNRdWFudGlzYXRpb24iOnRydWUsIm92ZXJzaG9vdERlcmluZ2luZyI6dHJ1ZSwib3B0aW1pc2VTY2FucyI6dHJ1ZSwicXVhbnRpc2F0aW9uVGFibGUiOjN9fX0=,2025-06-18
fb5069697bec,11206125,"Bridle, Pond Overlook, Meadow, and Macomb Stream Trail Loop",AllTrails,0.8,95,272,1,20,Loop,,4.6,59,Tregaron Estate,District of Columbia,United States,38.93028,-77.061,https://www.alltrails.com/trail/us/washington-dc/bridle-pond-overlook-meadow-and-macomb-stream-trail-loop,https://images.alltrails.com/eyJidWNrZXQiOiJhc3NldHMuYWxsdHJhaWxzLmNvbSIsImtleSI6InVwbG9hZHMvcGhvdG8vaW1hZ2UvNjQ4MjMxMzgvZGE5NzNhOGZkZGFmYmMxZDE0YTgxYWMwZGNjZDRmZjUuanBnIiwiZWRpdHMiOnsidG9Gb3JtYXQiOiJ3ZWJwIiwicmVzaXplIjp7IndpZHRoIjoxMDgwLCJoZWlnaHQiOjcwMCwiZml0IjoiY292ZXIifSwicm90YXRlIjpudWxsLCJqcGVnIjp7InRyZWxsaXNRdWFudGlzYXRpb24iOnRydWUsIm92ZXJzaG9vdERlcmluZ2luZyI6dHJ1ZSwib3B0aW1pc2VTY2FucyI6dHJ1ZSwicXVhbnRpc2F0aW9uVGFibGUiOjN9fX0=,2025-06-18
d165536dc0db,10917493,Whitehaven Trail,AllTrails,2.3,331,282,1,60,Out & Back,,3.9,72,Whitehaven Parkway Park,District of Columbia,United States,38.91939,-77.0643,https://www.alltrails.com/trail/us/washington-dc/whitehaven-trail--2,https://images.alltrails.com/eyJidWNrZXQiOiJhc3NldHMuYWxsdHJhaWxzLmNvbSIsImtleSI6InVwbG9hZHMvcGhvdG8vaW1hZ2UvNTQ2NDAzODcvZTEzMjlmYzcyZmNlNDRlOWUxODA3N2YyNDc2MWVjNWEuanBnIiwiZWRpdHMiOnsidG9Gb3JtYXQiOiJ3ZWJwIiwicmVzaXplIjp7IndpZHRoIjoxMDgwLCJoZWlnaHQiOjcwMCwiZml0IjoiY292ZXIifSwicm90YXRlIjpudWxsLCJqcGVnIjp7InRyZWxsaXNRdWFudGlzYXRpb24iOnRydWUsIm92ZXJzaG9vdERlcmluZ2luZyI6dHJ1ZSwib3B0aW1pc2VTY2FucyI6dHJ1ZSwicXVhbnRpc2F0aW9uVGFibGUiOjN9fX0=,2025-06-18
fa6430b46a5d,10919780,Kingman and Heritage Islands Trail,AllTrails,3.2,42,22,1,57,Out & Back,,3.9,68,Kingman and Heritage Islands,District of Columbia,United States,38.89257,-76.97094,https://www.alltrails.com/trail/us/washington-dc/kingman-and-heritage-islands-trail,https://images.alltrails.com/eyJidWNrZXQiOiJhc3NldHMuYWxsdHJhaWxzLmNvbSIsImtleSI6InVwbG9hZHMvcGhvdG8vaW1hZ2UvNDYyNjIxOTIvMmY0NzA4MWJmZmVlMzYzNTQ5MDVkZDAzMGIwMjAzMTkuanBnIiwiZWRpdHMiOnsidG9Gb3JtYXQiOiJ3ZWJwIiwicmVzaXplIjp7IndpZHRoIjoxMDgwLCJoZWlnaHQiOjcwMCwiZml0IjoiY292ZXIifSwicm90YXRlIjpudWxsLCJqcGVnIjp7InRyZWxsaXNRdWFudGlzYXRpb24iOnRydWUsIm92ZXJzaG9vdERlcmluZ2luZyI6dHJ1ZSwib3B0aW1pc2VTY2FucyI6dHJ1ZSwicXVhbnRpc2F0aW9uVGFibGUiOjN9fX0=,2025-06-18
53ba597af92b,10733628,Civil War Defenses of Washington Hiker-Biker Trail,AllTrails,6.5,472,288,3,148,Point-to-Point,,4.2,75,Fort Circle Park,District of Columbia,United States,38.85724,-76.97669,https://www.alltrails.com/trail/us/washington-dc/civil-war-defenses-of-washington-hiker-biker-trail,https://images.alltrails.com/eyJidWNrZXQiOiJhc3NldHMuYWxsdHJhaWxzLmNvbSIsImtleSI6InVwbG9hZHMvcGhvdG8vaW1hZ2UvNTUzODczMzkvODNiYjczNTRmNjVjZTI1YjgzN2UzYmM4Y2U2ZTE0YWQuanBnIiwiZWRpdHMiOnsidG9Gb3JtYXQiOiJ3ZWJwIiwicmVzaXplIjp7IndpZHRoIjoxMDgwLCJoZWlnaHQiOjcwMCwiZml0IjoiY292ZXIifSwicm90YXRlIjpudWxsLCJqcGVnIjp7InRyZWxsaXNRdWFudGlzYXRpb24iOnRydWUsIm92ZXJzaG9vdERlcmluZ2luZyI6dHJ1ZSwib3B0aW1pc2VTY2FucyI6dHJ1ZSwicXVhbnRpc2F0aW9uVGFibGUiOjN9fX0=,2025-06-18
2f965b3f4442,10341213,Rock Creek Woodland Trail,AllTrails,0.5,75,344,1,13,Loop,,4.4,76,Rock Creek Park and Piney Branch Parkway,District of Columbia,United States,38.9595,-77.05178,https://www.alltrails.com/trail/us/washington-dc/rock-creek-woodland-trail,https://images.alltrails.com/eyJidWNrZXQiOiJhc3NldHMuYWxsdHJhaWxzLmNvbSIsImtleSI6InVwbG9hZHMvcGhvdG8vaW1hZ2UvNjAzNzEzNTIvYjI0YTI5MzIxNDExNmQwOGM2NmMyMTQ0ZTdhOGRmOGYuanBnIiwiZWRpdHMiOnsidG9Gb3JtYXQiOiJ3ZWJwIiwicmVzaXplIjp7IndpZHRoIjoxMDgwLCJoZWlnaHQiOjcwMCwiZml0IjoiY292ZXIifSwicm90YXRlIjpudWxsLCJqcGVnIjp7InRyZWxsaXNRdWFudGlzYXRpb24iOnRydWUsIm92ZXJzaG9vdERlcmluZ2luZyI6dHJ1ZSwib3B0aW1pc2VTY2FucyI6dHJ1ZSwicXVhbnRpc2F0aW9uVGFibGUiOjN9fX0=,2025-06-18
cee7db2b2a6e,10424585,Palisades Trolley Trail,AllTrails,2.3,59,127,1,44,Point-to-Point,,4.0,29,Potomac Palisades Conservation Park,District of Columbia,United States,38.92831,-77.10661,https://www.alltrails.com/trail/us/washington-dc/palisades-trolley-trail,https://images.alltrails.com/eyJidWNrZXQiOiJhc3NldHMuYWxsdHJhaWxzLmNvbSIsImtleSI6InVwbG9hZHMvcGhvdG8vaW1hZ2UvNjYyNTYxMzcvODc4OTU2ODJmZTQ4ZWI1ZmMyZjFjZDYwOWM1ODEwNmQuanBnIiwiZWRpdHMiOnsidG9Gb3JtYXQiOiJ3ZWJwIiwicmVzaXplIjp7IndpZHRoIjoxMDgwLCJoZWlnaHQiOjcwMCwiZml0IjoiY292ZXIifSwicm90YXRlIjpudWxsLCJqcGVnIjp7InRyZWxsaXNRdWFudGlzYXRpb24iOnRydWUsIm92ZXJzaG9vdERlcmluZ2luZyI6dHJ1ZSwib3B0aW1pc2VTY2FucyI6dHJ1ZSwicXVhbnRpc2F0aW9uVGFibGUiOjN9fX0=,2025-06-18
e7639ce6f76e,10825228,Fort Reno Park Loop,AllTrails,0.6,42,426,1,13,Loop,,3.6,38,Fort Reno Park,District of Columbia,United States,38.95263,-77.07625,https://www.alltrails.com/trail/us/washington-dc/fort-reno-park-loop,https://images.alltrails.com/eyJidWNrZXQiOiJhc3NldHMuYWxsdHJhaWxzLmNvbSIsImtleSI6InVwbG9hZHMvcGhvdG8vaW1hZ2UvMjU0NDE5MjcvMTYxOGU0N2U3OGYyZDU4YjBhNWMwOGE0ZjBhNGY1MDUuanBnIiwiZWRpdHMiOnsidG9Gb3JtYXQiOiJ3ZWJwIiwicmVzaXplIjp7IndpZHRoIjoxMDgwLCJoZWlnaHQiOjcwMCwiZml0IjoiY292ZXIifSwicm90YXRlIjpudWxsLCJqcGVnIjp7InRyZWxsaXNRdWFudGlzYXRpb24iOnRydWUsIm92ZXJzaG9vdERlcmluZ2luZyI6dHJ1ZSwib3B0aW1pc2VTY2FucyI6dHJ1ZSwicXVhbnRpc2F0aW9uVGFibGUiOjN9fX0=,2025-06-18
1ae4cd6e1def,10639900,"Garden Passage, Garden, and Main Trail Loop",AllTrails,1.4,131,167,1,32,Loop,,4.0,53,Fort Dupont Park,District of Columbia,United States,38.8805,-76.95736,https://www.alltrails.com/trail/us/washington-dc/garden-passage-garden-turkey-and-main-trail-loop,https://images.alltrails.com/eyJidWNrZXQiOiJhc3NldHMuYWxsdHJhaWxzLmNvbSIsImtleSI6InVwbG9hZHMvcGhvdG8vaW1hZ2UvOTY5MzI5OTUvZjUyMzg2N2IzYTVkZDBmZmMyNjZkOTRkY2U0ZmEzOTkuanBnIiwiZWRpdHMiOnsidG9Gb3JtYXQiOiJ3ZWJwIiwicmVzaXplIjp7IndpZHRoIjoxMDgwLCJoZWlnaHQiOjcwMCwiZml0IjoiY292ZXIifSwicm90YXRlIjpudWxsLCJqcGVnIjp7InRyZWxsaXNRdWFudGlzYXRpb24iOnRydWUsIm92ZXJzaG9vdERlcmluZ2luZyI6dHJ1ZSwib3B0aW1pc2VTY2FucyI6dHJ1ZSwicXVhbnRpc2F0aW9uVGFibGUiOjN9fX0=,2025-06-18
e1171b617fec,10947015,Fort Dupont Main Trail,AllTrails,1.3,107,150,1,29,Out & Back,,4.1,30,Fort Dupont Park,District of Columbia,United States,38.8806,-76.9575,https://www.alltrails.com/trail/us/washington-dc/fort-dupont-main-trail,https://images.alltrails.com/eyJidWNrZXQiOiJhc3NldHMuYWxsdHJhaWxzLmNvbSIsImtleSI6InVwbG9hZHMvcGhvdG8vaW1hZ2UvMzIwODQxODAvMTZlODZkYjAxNGRmNDhhNTc2ZDk1MmQzMzFlMGMyODEuanBnIiwiZWRpdHMiOnsidG9Gb3JtYXQiOiJ3ZWJwIiwicmVzaXplIjp7IndpZHRoIjoxMDgwLCJoZWlnaHQiOjcwMCwiZml0IjoiY292ZXIifSwicm90YXRlIjpudWxsLCJqcGVnIjp7InRyZWxsaXNRdWFudGlzYXRpb24iOnRydWUsIm92ZXJzaG9vdERlcmluZ2luZyI6dHJ1ZSwib3B0aW1pc2VTY2FucyI6dHJ1ZSwicXVhbnRpc2F0aW9uVGFibGUiOjN9fX0=,2025-06-18
f89bdc636c9c,10917423,Oxon Run Loop,AllTrails,3.4,78,91,1,63,Loop,,4.0,67,,District of Columbia,United States,38.83706,-76.99247,https://www.alltrails.com/trail/us/washington-dc/oxon-run-loop,,2025-06-18
